{"cameraMode":{"drawMode":0,"name":"Shaded","section":"Shading Mode"},"sceneLighting":true,"audioPlay":false,"sceneViewState":{"m_AlwaysRefresh":false,"showFog":true,"showSkybox":true,"showFlares":true,"showImageEffects":true,"showParticleSystems":true,"showVisualEffectGraphs":true,"m_FxEnabled":true},"in2DMode":false,"pivot":{"x":0.23989146947860719,"y":3.599412202835083,"z":2.65313458442688},"rotation":{"x":0.12441963702440262,"y":0.10102419555187226,"z":-0.01273427065461874,"w":0.9869926571846008},"size":3.183255434036255,"orthographic":true}